{"author":"NA","body":"NA","created_at":1555480404.0,"link_id":"NA","permalink":"NA","score":1.0}
{"author":"NA","body":"NA","created_at":1555480417.0,"link_id":"NA","permalink":"NA","score":1.0}
{"author":"NA","body":"NA","created_at":1555480432.0,"link_id":"NA","permalink":"NA","score":1.0}
{"author":"NA","body":"NA","created_at":1555480433.0,"link_id":"NA","permalink":"NA","score":1.0}
{"author":"NA","body":"NA","created_at":1555480468.0,"link_id":"NA","permalink":"NA","score":1.0}
{"author":"NA","body":"NA","created_at":1555480490.0,"link_id":"NA","permalink":"NA","score":1.0}
{"author":"NA","body":"NA","created_at":1555480495.0,"link_id":"NA","permalink":"NA","score":1.0}
{"author":"NA","body":"NA","created_at":1555480497.0,"link_id":"NA","permalink":"NA","score":1.0}
{"author":"NA","body":"NA","created_at":1555480502.0,"link_id":"NA","permalink":"NA","score":1.0}
{"author":"NA","body":"NA","created_at":1555480518.0,"link_id":"NA","permalink":"NA","score":1.0}
{"author":"NA","body":"NA","created_at":1555480522.0,"link_id":"NA","permalink":"NA","score":1.0}
{"author":"NA","body":"NA","created_at":1555480610.0,"link_id":"NA","permalink":"NA","score":1.0}
{"author":"NA","body":"NA","created_at":1555480621.0,"link_id":"NA","permalink":"NA","score":1.0}
{"author":"NA","body":"NA","created_at":1555480697.0,"link_id":"NA","permalink":"NA","score":1.0}
{"author":"NA","body":"NA","created_at":1555480721.0,"link_id":"NA","permalink":"NA","score":1.0}
{"author":"NA","body":"NA","created_at":1555480750.0,"link_id":"NA","permalink":"NA","score":1.0}
{"author":"NA","body":"NA","created_at":1555480759.0,"link_id":"NA","permalink":"NA","score":1.0}
{"author":"NA","body":"NA","created_at":1555480953.0,"link_id":"NA","permalink":"NA","score":1.0}
{"author":"NA","body":"NA","created_at":1555480998.0,"link_id":"NA","permalink":"NA","score":1.0}