{"author":"NA","body":"NA","created_at":1555938387.0,"link_id":"NA","permalink":"NA","score":1.0}
{"author":"NA","body":"NA","created_at":1555938445.0,"link_id":"NA","permalink":"NA","score":1.0}
{"author":"NA","body":"NA","created_at":1555938461.0,"link_id":"NA","permalink":"NA","score":1.0}
{"author":"NA","body":"NA","created_at":1555938476.0,"link_id":"NA","permalink":"NA","score":1.0}
{"author":"NA","body":"NA","created_at":1555938477.0,"link_id":"NA","permalink":"NA","score":1.0}
{"author":"NA","body":"NA","created_at":1555938527.0,"link_id":"NA","permalink":"NA","score":1.0}
{"author":"NA","body":"NA","created_at":1555938606.0,"link_id":"NA","permalink":"NA","score":1.0}
{"author":"NA","body":"NA","created_at":1555938627.0,"link_id":"NA","permalink":"NA","score":1.0}
{"author":"NA","body":"NA","created_at":1555938646.0,"link_id":"NA","permalink":"NA","score":1.0}
{"author":"NA","body":"NA","created_at":1555938664.0,"link_id":"NA","permalink":"NA","score":1.0}
{"author":"NA","body":"NA","created_at":1555938683.0,"link_id":"NA","permalink":"NA","score":1.0}
{"author":"NA","body":"NA","created_at":1555938690.0,"link_id":"NA","permalink":"NA","score":1.0}
{"author":"NA","body":"NA","created_at":1555938728.0,"link_id":"NA","permalink":"NA","score":1.0}
{"author":"NA","body":"NA","created_at":1555938780.0,"link_id":"NA","permalink":"NA","score":1.0}
{"author":"NA","body":"NA","created_at":1555938799.0,"link_id":"NA","permalink":"NA","score":1.0}
{"author":"NA","body":"NA","created_at":1555938802.0,"link_id":"NA","permalink":"NA","score":1.0}
{"author":"NA","body":"NA","created_at":1555938807.0,"link_id":"NA","permalink":"NA","score":1.0}
{"author":"NA","body":"NA","created_at":1555938821.0,"link_id":"NA","permalink":"NA","score":1.0}
{"author":"NA","body":"NA","created_at":1555938863.0,"link_id":"NA","permalink":"NA","score":1.0}
{"author":"NA","body":"NA","created_at":1555939004.0,"link_id":"NA","permalink":"NA","score":1.0}
{"author":"NA","body":"NA","created_at":1555939047.0,"link_id":"NA","permalink":"NA","score":1.0}
{"author":"NA","body":"NA","created_at":1555939157.0,"link_id":"NA","permalink":"NA","score":1.0}
{"author":"NA","body":"NA","created_at":1555939192.0,"link_id":"NA","permalink":"NA","score":1.0}
{"author":"NA","body":"NA","created_at":1555939255.0,"link_id":"NA","permalink":"NA","score":1.0}
{"author":"NA","body":"NA","created_at":1555939281.0,"link_id":"NA","permalink":"NA","score":1.0}
{"author":"NA","body":"NA","created_at":1555939360.0,"link_id":"NA","permalink":"NA","score":1.0}
{"author":"NA","body":"NA","created_at":1555939436.0,"link_id":"NA","permalink":"NA","score":1.0}
{"author":"NA","body":"NA","created_at":1555939556.0,"link_id":"NA","permalink":"NA","score":1.0}
{"author":"NA","body":"NA","created_at":1555939581.0,"link_id":"NA","permalink":"NA","score":1.0}
{"author":"NA","body":"NA","created_at":1555939746.0,"link_id":"NA","permalink":"NA","score":1.0}
{"author":"NA","body":"NA","created_at":1555940075.0,"link_id":"NA","permalink":"NA","score":1.0}
{"author":"NA","body":"NA","created_at":1555940173.0,"link_id":"NA","permalink":"NA","score":1.0}
{"author":"NA","body":"NA","created_at":1555940285.0,"link_id":"NA","permalink":"NA","score":1.0}
{"author":"NA","body":"NA","created_at":1555940294.0,"link_id":"NA","permalink":"NA","score":1.0}
{"author":"NA","body":"NA","created_at":1555940361.0,"link_id":"NA","permalink":"NA","score":1.0}
{"author":"NA","body":"NA","created_at":1555940837.0,"link_id":"NA","permalink":"NA","score":1.0}
{"author":"NA","body":"NA","created_at":1555941245.0,"link_id":"NA","permalink":"NA","score":1.0}
{"author":"NA","body":"NA","created_at":1555941972.0,"link_id":"NA","permalink":"NA","score":1.0}
{"author":"NA","body":"NA","created_at":1555942000.0,"link_id":"NA","permalink":"NA","score":1.0}
{"author":"NA","body":"NA","created_at":1555942880.0,"link_id":"NA","permalink":"NA","score":1.0}
{"author":"NA","body":"NA","created_at":1555943476.0,"link_id":"NA","permalink":"NA","score":1.0}
{"author":"NA","body":"NA","created_at":1555943519.0,"link_id":"NA","permalink":"NA","score":1.0}
{"author":"NA","body":"NA","created_at":1555943657.0,"link_id":"NA","permalink":"NA","score":1.0}
{"author":"NA","body":"NA","created_at":1555944371.0,"link_id":"NA","permalink":"NA","score":1.0}
{"author":"NA","body":"NA","created_at":1555944808.0,"link_id":"NA","permalink":"NA","score":1.0}
{"author":"NA","body":"NA","created_at":1555946626.0,"link_id":"NA","permalink":"NA","score":1.0}
{"author":"NA","body":"NA","created_at":1555946897.0,"link_id":"NA","permalink":"NA","score":1.0}
{"author":"NA","body":"NA","created_at":1555947267.0,"link_id":"NA","permalink":"NA","score":1.0}
{"author":"NA","body":"NA","created_at":1555948254.0,"link_id":"NA","permalink":"NA","score":1.0}
{"author":"NA","body":"NA","created_at":1555949273.0,"link_id":"NA","permalink":"NA","score":1.0}
{"author":"NA","body":"NA","created_at":1555949337.0,"link_id":"NA","permalink":"NA","score":1.0}
{"author":"NA","body":"NA","created_at":1555949636.0,"link_id":"NA","permalink":"NA","score":1.0}
{"author":"NA","body":"NA","created_at":1555951821.0,"link_id":"NA","permalink":"NA","score":1.0}
{"author":"NA","body":"NA","created_at":1555952860.0,"link_id":"NA","permalink":"NA","score":1.0}
{"author":"NA","body":"NA","created_at":1555954782.0,"link_id":"NA","permalink":"NA","score":1.0}
{"author":"NA","body":"NA","created_at":1555963313.0,"link_id":"NA","permalink":"NA","score":1.0}
{"author":"NA","body":"NA","created_at":1555963663.0,"link_id":"NA","permalink":"NA","score":1.0}
{"author":"NA","body":"NA","created_at":1555968987.0,"link_id":"NA","permalink":"NA","score":1.0}
{"author":"NA","body":"NA","created_at":1556032720.0,"link_id":"NA","permalink":"NA","score":1.0}