{"author":"NA","body":"NA","created_at":1556029436.0,"link_id":"NA","permalink":"NA","score":1.0}
{"author":"NA","body":"NA","created_at":1556029455.0,"link_id":"NA","permalink":"NA","score":1.0}
{"author":"NA","body":"NA","created_at":1556029515.0,"link_id":"NA","permalink":"NA","score":1.0}
{"author":"NA","body":"NA","created_at":1556029524.0,"link_id":"NA","permalink":"NA","score":1.0}
{"author":"NA","body":"NA","created_at":1556029547.0,"link_id":"NA","permalink":"NA","score":1.0}
{"author":"NA","body":"NA","created_at":1556029706.0,"link_id":"NA","permalink":"NA","score":1.0}
{"author":"NA","body":"NA","created_at":1556029716.0,"link_id":"NA","permalink":"NA","score":1.0}
{"author":"NA","body":"NA","created_at":1556029717.0,"link_id":"NA","permalink":"NA","score":1.0}
{"author":"NA","body":"NA","created_at":1556029718.0,"link_id":"NA","permalink":"NA","score":1.0}
{"author":"NA","body":"NA","created_at":1556029746.0,"link_id":"NA","permalink":"NA","score":1.0}
{"author":"NA","body":"NA","created_at":1556029851.0,"link_id":"NA","permalink":"NA","score":1.0}
{"author":"NA","body":"NA","created_at":1556029968.0,"link_id":"NA","permalink":"NA","score":1.0}
{"author":"NA","body":"NA","created_at":1556030147.0,"link_id":"NA","permalink":"NA","score":1.0}
{"author":"NA","body":"NA","created_at":1556030173.0,"link_id":"NA","permalink":"NA","score":1.0}
{"author":"NA","body":"NA","created_at":1556030567.0,"link_id":"NA","permalink":"NA","score":1.0}
{"author":"NA","body":"NA","created_at":1556030572.0,"link_id":"NA","permalink":"NA","score":1.0}
{"author":"NA","body":"NA","created_at":1556030572.0,"link_id":"NA","permalink":"NA","score":1.0}
{"author":"NA","body":"NA","created_at":1556030918.0,"link_id":"NA","permalink":"NA","score":1.0}
{"author":"NA","body":"NA","created_at":1556031227.0,"link_id":"NA","permalink":"NA","score":1.0}
{"author":"NA","body":"NA","created_at":1556031913.0,"link_id":"NA","permalink":"NA","score":1.0}
{"author":"NA","body":"NA","created_at":1556031956.0,"link_id":"NA","permalink":"NA","score":1.0}
{"author":"NA","body":"NA","created_at":1556032003.0,"link_id":"NA","permalink":"NA","score":1.0}
{"author":"NA","body":"NA","created_at":1556032059.0,"link_id":"NA","permalink":"NA","score":1.0}
{"author":"NA","body":"NA","created_at":1556032374.0,"link_id":"NA","permalink":"NA","score":1.0}
{"author":"NA","body":"NA","created_at":1556033369.0,"link_id":"NA","permalink":"NA","score":1.0}
{"author":"NA","body":"NA","created_at":1556033394.0,"link_id":"NA","permalink":"NA","score":1.0}
{"author":"NA","body":"NA","created_at":1556033730.0,"link_id":"NA","permalink":"NA","score":1.0}
{"author":"NA","body":"NA","created_at":1556033849.0,"link_id":"NA","permalink":"NA","score":1.0}
{"author":"NA","body":"NA","created_at":1556033943.0,"link_id":"NA","permalink":"NA","score":1.0}
{"author":"NA","body":"NA","created_at":1556034348.0,"link_id":"NA","permalink":"NA","score":1.0}
{"author":"NA","body":"NA","created_at":1556034955.0,"link_id":"NA","permalink":"NA","score":1.0}
{"author":"NA","body":"NA","created_at":1556035009.0,"link_id":"NA","permalink":"NA","score":1.0}
{"author":"NA","body":"NA","created_at":1556035140.0,"link_id":"NA","permalink":"NA","score":1.0}
{"author":"NA","body":"NA","created_at":1556035201.0,"link_id":"NA","permalink":"NA","score":1.0}
{"author":"NA","body":"NA","created_at":1556037270.0,"link_id":"NA","permalink":"NA","score":1.0}
{"author":"NA","body":"NA","created_at":1556037418.0,"link_id":"NA","permalink":"NA","score":1.0}
{"author":"NA","body":"NA","created_at":1556037485.0,"link_id":"NA","permalink":"NA","score":1.0}
{"author":"NA","body":"NA","created_at":1556039960.0,"link_id":"NA","permalink":"NA","score":1.0}