{"author":"NA","body":"NA","created_at":1556117992.0,"link_id":"NA","permalink":"NA","score":1.0}
{"author":"NA","body":"NA","created_at":1556117993.0,"link_id":"NA","permalink":"NA","score":1.0}
{"author":"NA","body":"NA","created_at":1556118030.0,"link_id":"NA","permalink":"NA","score":1.0}
{"author":"NA","body":"NA","created_at":1556118078.0,"link_id":"NA","permalink":"NA","score":1.0}
{"author":"NA","body":"NA","created_at":1556118096.0,"link_id":"NA","permalink":"NA","score":1.0}
{"author":"NA","body":"NA","created_at":1556118202.0,"link_id":"NA","permalink":"NA","score":1.0}
{"author":"NA","body":"NA","created_at":1556118317.0,"link_id":"NA","permalink":"NA","score":1.0}
{"author":"NA","body":"NA","created_at":1556118337.0,"link_id":"NA","permalink":"NA","score":1.0}
{"author":"NA","body":"NA","created_at":1556118388.0,"link_id":"NA","permalink":"NA","score":1.0}
{"author":"NA","body":"NA","created_at":1556118437.0,"link_id":"NA","permalink":"NA","score":1.0}
{"author":"NA","body":"NA","created_at":1556118497.0,"link_id":"NA","permalink":"NA","score":1.0}
{"author":"NA","body":"NA","created_at":1556118543.0,"link_id":"NA","permalink":"NA","score":1.0}
{"author":"NA","body":"NA","created_at":1556118551.0,"link_id":"NA","permalink":"NA","score":1.0}
{"author":"NA","body":"NA","created_at":1556118576.0,"link_id":"NA","permalink":"NA","score":1.0}
{"author":"NA","body":"NA","created_at":1556118590.0,"link_id":"NA","permalink":"NA","score":1.0}
{"author":"NA","body":"NA","created_at":1556118662.0,"link_id":"NA","permalink":"NA","score":1.0}
{"author":"NA","body":"NA","created_at":1556118666.0,"link_id":"NA","permalink":"NA","score":1.0}
{"author":"NA","body":"NA","created_at":1556118762.0,"link_id":"NA","permalink":"NA","score":1.0}
{"author":"NA","body":"NA","created_at":1556118763.0,"link_id":"NA","permalink":"NA","score":1.0}
{"author":"NA","body":"NA","created_at":1556118778.0,"link_id":"NA","permalink":"NA","score":1.0}
{"author":"NA","body":"NA","created_at":1556118909.0,"link_id":"NA","permalink":"NA","score":1.0}
{"author":"NA","body":"NA","created_at":1556119085.0,"link_id":"NA","permalink":"NA","score":1.0}
{"author":"NA","body":"NA","created_at":1556119151.0,"link_id":"NA","permalink":"NA","score":1.0}
{"author":"NA","body":"NA","created_at":1556119250.0,"link_id":"NA","permalink":"NA","score":1.0}
{"author":"NA","body":"NA","created_at":1556119304.0,"link_id":"NA","permalink":"NA","score":1.0}
{"author":"NA","body":"NA","created_at":1556120057.0,"link_id":"NA","permalink":"NA","score":1.0}
{"author":"NA","body":"NA","created_at":1556120189.0,"link_id":"NA","permalink":"NA","score":1.0}
{"author":"NA","body":"NA","created_at":1556120434.0,"link_id":"NA","permalink":"NA","score":1.0}
{"author":"NA","body":"NA","created_at":1556121731.0,"link_id":"NA","permalink":"NA","score":1.0}
{"author":"NA","body":"NA","created_at":1556121802.0,"link_id":"NA","permalink":"NA","score":1.0}
{"author":"NA","body":"NA","created_at":1556126143.0,"link_id":"NA","permalink":"NA","score":1.0}
{"author":"NA","body":"NA","created_at":1556127238.0,"link_id":"NA","permalink":"NA","score":1.0}
{"author":"NA","body":"NA","created_at":1556127256.0,"link_id":"NA","permalink":"NA","score":1.0}
{"author":"NA","body":"NA","created_at":1556127355.0,"link_id":"NA","permalink":"NA","score":1.0}
{"author":"NA","body":"NA","created_at":1556127394.0,"link_id":"NA","permalink":"NA","score":1.0}
{"author":"NA","body":"NA","created_at":1556127681.0,"link_id":"NA","permalink":"NA","score":1.0}
{"author":"NA","body":"NA","created_at":1556127759.0,"link_id":"NA","permalink":"NA","score":1.0}
{"author":"NA","body":"NA","created_at":1556127760.0,"link_id":"NA","permalink":"NA","score":1.0}