{"author":"NA","body":"NA","created_at":1556197549.0,"link_id":"NA","permalink":"NA","score":2.0}
{"author":"NA","body":"NA","created_at":1556197582.0,"link_id":"NA","permalink":"NA","score":1.0}
{"author":"NA","body":"NA","created_at":1556197616.0,"link_id":"NA","permalink":"NA","score":1.0}
{"author":"NA","body":"NA","created_at":1556197673.0,"link_id":"NA","permalink":"NA","score":1.0}
{"author":"NA","body":"NA","created_at":1556197850.0,"link_id":"NA","permalink":"NA","score":1.0}
{"author":"NA","body":"NA","created_at":1556198257.0,"link_id":"NA","permalink":"NA","score":1.0}
{"author":"NA","body":"NA","created_at":1556217025.0,"link_id":"NA","permalink":"NA","score":1.0}