{"author":"NA","body":"NA","created_at":1556400094.0,"link_id":"NA","permalink":"NA","score":1.0}
{"author":"NA","body":"NA","created_at":1556400096.0,"link_id":"NA","permalink":"NA","score":1.0}
{"author":"NA","body":"NA","created_at":1556400097.0,"link_id":"NA","permalink":"NA","score":1.0}
{"author":"NA","body":"NA","created_at":1556400102.0,"link_id":"NA","permalink":"NA","score":1.0}
{"author":"NA","body":"NA","created_at":1556400147.0,"link_id":"NA","permalink":"NA","score":1.0}
{"author":"NA","body":"NA","created_at":1556400150.0,"link_id":"NA","permalink":"NA","score":1.0}
{"author":"NA","body":"NA","created_at":1556400180.0,"link_id":"NA","permalink":"NA","score":1.0}
{"author":"NA","body":"NA","created_at":1556400181.0,"link_id":"NA","permalink":"NA","score":1.0}
{"author":"NA","body":"NA","created_at":1556400218.0,"link_id":"NA","permalink":"NA","score":1.0}
{"author":"NA","body":"NA","created_at":1556400250.0,"link_id":"NA","permalink":"NA","score":1.0}
{"author":"NA","body":"NA","created_at":1556400324.0,"link_id":"NA","permalink":"NA","score":1.0}
{"author":"NA","body":"NA","created_at":1556400329.0,"link_id":"NA","permalink":"NA","score":1.0}
{"author":"NA","body":"NA","created_at":1556400352.0,"link_id":"NA","permalink":"NA","score":1.0}
{"author":"NA","body":"NA","created_at":1556400393.0,"link_id":"NA","permalink":"NA","score":1.0}
{"author":"NA","body":"NA","created_at":1556400396.0,"link_id":"NA","permalink":"NA","score":1.0}
{"author":"NA","body":"NA","created_at":1556400410.0,"link_id":"NA","permalink":"NA","score":1.0}
{"author":"NA","body":"NA","created_at":1556400530.0,"link_id":"NA","permalink":"NA","score":1.0}
{"author":"NA","body":"NA","created_at":1556400535.0,"link_id":"NA","permalink":"NA","score":1.0}
{"author":"NA","body":"NA","created_at":1556400560.0,"link_id":"NA","permalink":"NA","score":1.0}
{"author":"NA","body":"NA","created_at":1556400671.0,"link_id":"NA","permalink":"NA","score":1.0}
{"author":"NA","body":"NA","created_at":1556400777.0,"link_id":"NA","permalink":"NA","score":1.0}
{"author":"NA","body":"NA","created_at":1556400867.0,"link_id":"NA","permalink":"NA","score":1.0}
{"author":"NA","body":"NA","created_at":1556400868.0,"link_id":"NA","permalink":"NA","score":1.0}
{"author":"NA","body":"NA","created_at":1556400879.0,"link_id":"NA","permalink":"NA","score":1.0}
{"author":"NA","body":"NA","created_at":1556400968.0,"link_id":"NA","permalink":"NA","score":1.0}
{"author":"NA","body":"NA","created_at":1556401108.0,"link_id":"NA","permalink":"NA","score":1.0}
{"author":"NA","body":"NA","created_at":1556401166.0,"link_id":"NA","permalink":"NA","score":1.0}
{"author":"NA","body":"NA","created_at":1556401185.0,"link_id":"NA","permalink":"NA","score":1.0}
{"author":"NA","body":"NA","created_at":1556401304.0,"link_id":"NA","permalink":"NA","score":1.0}
{"author":"NA","body":"NA","created_at":1556401355.0,"link_id":"NA","permalink":"NA","score":1.0}
{"author":"NA","body":"NA","created_at":1556401371.0,"link_id":"NA","permalink":"NA","score":1.0}
{"author":"NA","body":"NA","created_at":1556401567.0,"link_id":"NA","permalink":"NA","score":1.0}
{"author":"NA","body":"NA","created_at":1556401673.0,"link_id":"NA","permalink":"NA","score":1.0}
{"author":"NA","body":"NA","created_at":1556402078.0,"link_id":"NA","permalink":"NA","score":1.0}
{"author":"NA","body":"NA","created_at":1556402242.0,"link_id":"NA","permalink":"NA","score":1.0}
{"author":"NA","body":"NA","created_at":1556402349.0,"link_id":"NA","permalink":"NA","score":1.0}
{"author":"NA","body":"NA","created_at":1556402484.0,"link_id":"NA","permalink":"NA","score":1.0}